gala_gopher_block_count_latency_req,max
gala_gopher_block_count_latency_req,stddev
gala_gopher_block_count_latency_req,stdvar
gala_gopher_block_latency_req_jitter,max
gala_gopher_block_latency_req_jitter,quantile_1
gala_gopher_block_latency_req_jitter,stddev
gala_gopher_block_latency_req_last,avg
gala_gopher_block_latency_req_last,quantile_1
gala_gopher_block_latency_req_last,quantile_2
gala_gopher_block_latency_req_max,avg
gala_gopher_block_latency_req_max,max
gala_gopher_block_latency_req_max,stddev
gala_gopher_block_latency_req_sum,max
gala_gopher_block_latency_req_sum,quantile_2
gala_gopher_block_latency_req_sum,sum
gala_gopher_cpu_cpu_iowait_total_second,quantile_1
gala_gopher_cpu_cpu_user_total_second,sum
gala_gopher_file_system_Free,avg
gala_gopher_file_system_Free,max
gala_gopher_file_system_Free,quantile_1
gala_gopher_file_system_Free,stddev
gala_gopher_file_system_Free,stdvar
gala_gopher_file_system_Free,sum
gala_gopher_file_system_IUsed,avg
gala_gopher_file_system_UsePer,max
gala_gopher_file_system_UsePer,quantile_1
gala_gopher_file_system_UsePer,stddev
gala_gopher_file_system_UsePer,stdvar
gala_gopher_file_system_Used,avg
gala_gopher_file_system_Used,max
gala_gopher_file_system_Used,quantile_1
gala_gopher_file_system_Used,stddev
gala_gopher_file_system_Used,stdvar
gala_gopher_file_system_Used,sum
gala_gopher_disk_r_await,avg
gala_gopher_disk_r_await,max
gala_gopher_disk_r_await,quantile_1
gala_gopher_disk_r_await,stddev
gala_gopher_disk_r_await,sum
gala_gopher_disk_rareq,avg
gala_gopher_disk_rareq,max
gala_gopher_disk_rareq,quantile_1
gala_gopher_disk_rareq,stddev
gala_gopher_disk_rareq,stdvar
gala_gopher_disk_rareq,sum
gala_gopher_disk_rspeed,avg
gala_gopher_disk_rspeed,max
gala_gopher_disk_rspeed,quantile_1
gala_gopher_disk_rspeed,stddev
gala_gopher_disk_rspeed,stdvar
gala_gopher_disk_rspeed_kB,avg
gala_gopher_disk_rspeed_kB,max
gala_gopher_disk_rspeed_kB,quantile_1
gala_gopher_disk_rspeed_kB,stddev
gala_gopher_disk_rspeed_kB,stdvar
gala_gopher_disk_rspeed_kB,sum
gala_gopher_disk_util,max
gala_gopher_disk_util,quantile_1
gala_gopher_disk_util,sum
gala_gopher_disk_w_await,avg
gala_gopher_disk_w_await,max
gala_gopher_disk_w_await,quantile_1
gala_gopher_disk_w_await,stddev
gala_gopher_disk_w_await,stdvar
gala_gopher_disk_w_await,sum
gala_gopher_disk_wareq,avg
gala_gopher_disk_wareq,max
gala_gopher_disk_wareq,quantile_1
gala_gopher_disk_wareq,stddev
gala_gopher_disk_wareq,stdvar
gala_gopher_disk_wareq,sum
gala_gopher_disk_wspeed,avg
gala_gopher_disk_wspeed,max
gala_gopher_disk_wspeed,quantile_1
gala_gopher_disk_wspeed,stddev
gala_gopher_disk_wspeed,stdvar
gala_gopher_disk_wspeed,sum
gala_gopher_disk_wspeed_kB,avg
gala_gopher_disk_wspeed_kB,max
gala_gopher_disk_wspeed_kB,quantile_1
gala_gopher_disk_wspeed_kB,stddev
gala_gopher_disk_wspeed_kB,stdvar
gala_gopher_disk_wspeed_kB,sum
gala_gopher_proc_proc_read_bytes,avg
gala_gopher_proc_proc_read_bytes,quantile_1
gala_gopher_proc_proc_write_bytes,max
gala_gopher_proc_proc_write_bytes,quantile_1
gala_gopher_proc_proc_write_bytes,sum
gala_gopher_system_tcp_tcp_retrans_segs,avg
gala_gopher_system_tcp_tcp_retrans_segs,max
gala_gopher_system_tcp_tcp_retrans_segs,min
gala_gopher_system_tcp_tcp_retrans_segs,quantile_1
gala_gopher_system_tcp_tcp_retrans_segs,quantile_2
gala_gopher_system_tcp_tcp_retrans_segs,sum
gala_gopher_tcp_link_lost_out,avg
gala_gopher_tcp_link_lost_out,max
gala_gopher_tcp_link_lost_out,stddev
gala_gopher_tcp_link_lost_out,sum
gala_gopher_tcp_link_notack_bytes,stddev
gala_gopher_tcp_link_notack_bytes,stdvar
gala_gopher_tcp_link_notack_bytes,sum
gala_gopher_tcp_link_notsent_bytes,avg
gala_gopher_tcp_link_retran_packets,avg
gala_gopher_tcp_link_retran_packets,max
gala_gopher_tcp_link_retran_packets,stdvar
gala_gopher_tcp_link_retran_packets,sum
gala_gopher_tcp_link_sacked_out,avg
gala_gopher_tcp_link_sacked_out,max
gala_gopher_tcp_link_sacked_out,stddev
gala_gopher_tcp_link_sacked_out,stdvar
gala_gopher_tcp_link_sacked_out,sum
gala_gopher_tcp_link_snd_cwnd,avg
gala_gopher_tcp_link_snd_cwnd,max
gala_gopher_tcp_link_snd_cwnd,min
gala_gopher_tcp_link_snd_cwnd,stddev
gala_gopher_tcp_link_snd_cwnd,stdvar
gala_gopher_proc_ns_ext4_write,avg
gala_gopher_proc_ns_ext4_write,max
gala_gopher_proc_ns_ext4_write,min
gala_gopher_proc_ns_ext4_write,stdvar
gala_gopher_proc_ns_ext4_write,sum
gala_gopher_proc_ns_ext4_flush,avg
gala_gopher_proc_ns_ext4_flush,max
gala_gopher_proc_ns_ext4_flush,min
gala_gopher_proc_ns_ext4_flush,stdvar
gala_gopher_proc_ns_ext4_flush,sum
gala_gopher_proc_ns_overlay_write,avg
gala_gopher_proc_ns_overlay_write,max
gala_gopher_proc_ns_overlay_write,min
gala_gopher_proc_ns_overlay_write,stdvar
gala_gopher_proc_ns_overlay_write,sum
gala_gopher_proc_ns_overlay_flush,avg
gala_gopher_proc_ns_overlay_flush,max
gala_gopher_proc_ns_overlay_flush,min
gala_gopher_proc_ns_overlay_flush,stdvar
gala_gopher_proc_ns_overlay_flush,sum
